A,B,C,S,y
1,1,1,1,5.964417
1,1,2,1,5.578506
1,1,1,2,5.506574
1,1,2,2,5.819924
1,1,1,3,5.625011
1,1,2,3,5.471414
1,1,1,4,5.710243
1,1,2,4,5.786593
1,1,1,5,5.736350
1,1,2,5,5.718538
1,1,1,6,5.616418
1,1,2,6,5.680656
1,1,1,7,5.476803
1,1,2,7,5.598871
1,1,1,8,5.644752
1,1,2,8,5.919890
1,1,1,9,6.057531
1,1,2,9,5.839342
1,1,1,10,5.864048
1,1,2,10,5.573202
1,2,1,11,5.850000
1,2,2,11,5.745430
1,2,1,12,5.535620
1,2,2,12,5.777104
1,2,1,13,5.580000
1,2,2,13,5.528082
1,2,1,14,5.571208
1,2,2,14,5.672252
1,2,1,15,5.957600
1,2,2,15,5.977485
1,2,1,16,6.012326
1,2,2,16,5.855019
1,2,1,17,5.672864
1,2,2,17,5.576906
1,2,1,18,5.572448
1,2,2,18,5.780541
1,2,1,19,5.906073
1,2,2,19,5.757992
1,2,1,20,5.517768
1,2,2,20,6.016235
1,3,1,21,5.233304
1,3,2,21,5.635632
1,3,1,22,5.562025
1,3,2,22,5.295316
1,3,1,23,5.381736
1,3,2,23,5.409874
1,3,1,24,5.588057
1,3,2,24,5.822075
1,3,1,25,5.479264
1,3,2,25,5.736975
1,3,1,26,5.613790
1,3,2,26,5.864545
1,3,1,27,5.485648
1,3,2,27,5.591926
1,3,1,28,5.466967
1,3,2,28,5.459541
1,3,1,29,5.602570
1,3,2,29,5.730586
1,3,1,30,5.380364
1,3,2,30,5.827769
2,1,1,31,5.746070
2,1,2,31,5.755632
2,1,1,32,5.768068
2,1,2,32,5.908012
2,1,1,33,5.545183
2,1,2,33,5.700920
2,1,1,34,5.628698
2,1,2,34,5.735273
2,1,1,35,5.522691
2,1,2,35,5.571622
2,1,1,36,5.852965
2,1,2,36,6.151016
2,1,1,37,5.506788
2,1,2,37,5.900000
2,1,1,38,5.703268
2,1,2,38,5.694640
2,1,1,39,5.504772
2,1,2,39,5.660171
2,1,1,40,5.475396
2,1,2,40,5.740901
2,2,1,41,5.980410
2,2,2,41,5.482661
2,2,1,42,5.641483
2,2,2,42,5.962456
2,2,1,43,6.057340
2,2,2,43,5.456732
2,2,1,44,5.617252
2,2,2,44,5.535889
2,2,1,45,5.569780
2,2,2,45,5.509189
2,2,1,46,5.703230
2,2,2,46,5.916776
2,2,1,47,6.146671
2,2,2,47,5.600000
2,2,1,48,5.877485
2,2,2,48,5.386634
2,2,1,49,5.829820
2,2,2,49,6.015797
2,2,1,50,5.960872
2,2,2,50,5.316915
2,3,1,51,5.593956
2,3,2,51,5.061280
2,3,1,52,5.486839
2,3,2,52,5.096092
2,3,1,53,5.452907
2,3,2,53,5.369373
2,3,1,54,5.659519
2,3,2,54,5.359335
2,3,1,55,5.273704
2,3,2,55,5.245224
2,3,1,56,5.368449
2,3,2,56,5.769302
2,3,1,57,5.489559
2,3,2,57,5.619406
2,3,1,58,5.765244
2,3,2,58,5.433761
2,3,1,59,5.578024
2,3,2,59,5.327330
2,3,1,60,5.422013
2,3,2,60,5.079942
