SES,N,S,NS,NA,SS,sat,ppvt,raven
0,1,2,6,12,16,49,48,8
0,5,14,14,30,27,47,76,13
0,0,10,21,16,16,11,40,13
0,0,2,5,17,8,9,52,9
0,2,7,11,26,17,69,63,15
0,2,15,21,34,25,35,82,14
0,0,1,20,23,18,6,71,21
0,0,0,10,19,14,8,68,8
0,0,0,7,16,13,49,74,11
0,3,2,21,26,25,8,70,15
0,8,16,15,35,24,47,70,15
0,5,4,7,15,14,6,61,11
0,1,12,13,27,21,14,54,12
0,2,1,12,20,17,30,55,13
0,3,12,20,26,22,4,54,10
0,0,2,5,14,8,24,40,14
0,7,12,21,35,27,19,66,13
0,0,6,6,14,16,45,54,10
0,12,8,19,27,26,22,64,14
0,3,9,15,18,10,16,47,16
0,0,7,9,14,18,32,48,16
0,4,6,20,26,26,37,52,14
0,4,9,14,23,23,47,74,19
0,0,2,4,11,8,5,57,12
0,0,1,16,15,17,6,57,10
0,3,8,18,28,21,60,80,11
0,1,18,19,34,23,58,78,13
0,2,11,9,23,11,6,70,16
0,0,10,7,12,8,16,47,14
0,8,10,28,32,32,45,94,19
0,2,12,5,25,14,9,63,11
0,7,11,18,29,21,69,76,16
0,2,5,10,23,24,35,59,11
0,0,1,14,19,12,19,55,8
0,1,0,10,18,18,58,74,14
0,6,4,23,31,26,58,71,17
0,0,6,6,15,14,79,54,14
1,0,10,8,21,22,24,68,15
1,7,3,21,28,21,8,82,11
1,7,9,17,31,30,88,82,13
1,6,11,16,27,25,82,91,18
1,20,7,21,28,16,90,82,13
1,4,11,18,32,29,77,100,15
1,6,7,17,26,23,58,100,13
1,5,2,11,22,23,14,96,12
1,3,5,14,24,20,1,63,10
1,16,12,16,27,30,98,91,18
1,5,3,17,25,24,8,87,10
1,2,11,10,26,22,88,105,21
1,1,4,14,25,19,4,87,14
1,11,5,18,27,22,14,76,16
1,0,0,3,16,11,38,66,14
1,5,8,11,12,15,4,74,15
1,1,6,10,28,23,64,68,13
1,1,9,12,30,18,88,98,16
1,0,13,13,19,16,14,63,15
1,4,6,14,27,19,99,94,16
1,4,5,16,21,24,50,82,18
1,1,6,15,23,28,36,89,15
1,5,8,14,25,24,88,80,19
1,4,5,11,16,22,14,61,11
1,5,7,17,26,15,24,102,20
1,0,4,8,16,14,24,71,12
1,4,17,21,27,31,24,102,16
1,5,8,20,28,26,50,96,13
1,4,7,19,20,13,8,55,16
1,4,7,10,23,19,98,96,18
1,2,6,14,25,17,98,74,15
1,5,10,18,27,26,50,78,19
