GROUP,PRETEST,posttest
1,14.1,14.1
1,14.5,14.3
1,15.7,14.9
1,16,15.3
1,16.5,15.7
1,16.9,16.2
1,17,16.5
1,17,16.6
1,17.3,16.5
1,17.3,16.7
1,17.8,17.3
1,17.9,17.5
1,19.1,19.3
1,19.4,19
1,19.8,19.4
2,13.7,12.7
2,14.7,13.1
2,14.9,13.6
2,15.1,13.6
2,15.8,14.2
2,16.4,14.9
2,16.6,16.1
2,16.9,16.1
2,16.9,16.3
2,17.2,15.9
2,17.8,17.4
2,17.8,16.9
2,18.2,17.1
2,18.4,17.3
2,19.3,17.7
3,14.6,11.7
3,15,11.9
3,15.5,11
3,15.7,12.1
3,16.4,12.3
3,16.9,13.6
3,17.1,14.3
3,17.3,14.2
3,17.5,14.4
3,17.6,13.8
3,17.8,14.3
3,17.9,13.8
3,18.4,15.4
3,18.5,15.1
3,19,15.5
